User name,AWS access key,Event time,Event source,Event name,AWS region,Source IP address,User agent,Error code,Resources,Request ID,Event ID,Read-only,Event type,Recipient Account Id,Event category
CloudTrail,ASIA23LFS7HSC5V5GDLS,2020-12-08T17:12:54Z,config.amazonaws.com,DescribeConfigurationRecorders,us-east-1,49.35.24.81,"AWSCloudTrail, aws-internal/3 aws-sdk-java/1.11.898 Linux/4.9.217-0.3.ac.206.84.332.metal1.x86_64 OpenJDK_64-Bit_Server_VM/25.275-b01 java/1.8.0_275 vendor/Oracle_Corporation",AccessDenied,[],003047d8-ba59-4960-a763-9145bbe68abb,48b8daf4-7890-4f4f-ac42-b7bae86bcd0a,true,AwsApiCall,745926752740,Management
CloudTrail,ASIA23LFS7HSBG7D3IHT,2020-12-08T17:00:21Z,cloudtrail.amazonaws.com,GetEventSelectors,us-east-1,42.107.76.87,console.amazonaws.com,,[],6c266ab7-5ef3-45fd-811e-771ce28c3566,1fab3324-df68-4fba-8f76-1314c347bba8,true,AwsApiCall,745926752740,Management
CloudTrail,ASIA23LFS7HSBG7D3IHT,2020-12-08T16:59:57Z,cloudtrail.amazonaws.com,GetTrailStatus,us-east-1,42.107.76.87,console.amazonaws.com,,[],517c4303-0ff9-48c4-ba9c-b619214b2f84,39f22678-3270-4a6d-af26-2eab09d4b1d2,true,AwsApiCall,745926752740,Management
CloudTrail,ASIA23LFS7HSBG7D3IHT,2020-12-08T16:59:57Z,cloudtrail.amazonaws.com,DescribeTrails,us-east-1,42.107.76.87,console.amazonaws.com,,[],1e9004ea-8cfc-4054-ad59-a55af62cb271,48f4df1b-3830-4558-92d9-584d2b244fea,true,AwsApiCall,745926752740,Management
CloudTrail,ASIA23LFS7HSBG7D3IHT,2020-12-08T16:59:45Z,cloudtrail.amazonaws.com,GetTrailStatus,us-east-1,42.107.76.87,console.amazonaws.com,,[],5d16333b-a782-4914-8570-6b3a91cd1952,c34654d5-23ac-4411-a422-db7a2fb13b50,true,AwsApiCall,745926752740,Management
CloudTrail,ASIA23LFS7HSBG7D3IHT,2020-12-08T16:59:44Z,cloudtrail.amazonaws.com,DescribeTrails,us-east-1,42.107.76.87,console.amazonaws.com,,[],1f80a781-de35-4850-a728-6b99564443d4,dc78b28f-8f56-4f2b-aa82-a75300aaf521,true,AwsApiCall,745926752740,Management
CloudTrail,ASIA23LFS7HSBG7D3IHT,2020-12-08T16:59:30Z,cloudtrail.amazonaws.com,LookupEvents,us-east-1,42.107.76.87,console.amazonaws.com,,[],96034086-e13e-42ec-a05a-1d13b8e1c9ff,9f970f2a-ada5-4da3-a245-3b2d730a56a5,true,AwsApiCall,745926752740,Management
CloudTrail,ASIA23LFS7HSBG7D3IHT,2020-12-08T16:59:25Z,cloudtrail.amazonaws.com,LookupEvents,us-east-1,42.107.76.87,console.amazonaws.com,,[],fbb22879-3f03-4d56-8bd2-182fc3115d3c,115e4f9f-fede-4fe4-9993-86637d4c7119,true,AwsApiCall,745926752740,Management
CloudTrail,ASIA23LFS7HSBG7D3IHT,2020-12-08T16:59:22Z,cloudtrail.amazonaws.com,GetInsightSelectors,us-east-1,42.107.76.87,console.amazonaws.com,InsightNotEnabledException,[],323334bb-90ba-4188-97d0-aa346381b944,95e83729-0d7d-4396-99af-df45f0655b6e,true,AwsApiCall,745926752740,Management
CloudTrail,ASIA23LFS7HSBG7D3IHT,2020-12-08T16:58:49Z,cloudtrail.amazonaws.com,DescribeTrails,us-east-1,42.107.76.87,console.amazonaws.com,,[],b52a019e-055b-47a2-8d07-169f139295fb,8edbff5b-a5be-4b5d-b606-a3bf287788b5,true,AwsApiCall,745926752740,Management
CloudTrail,ASIA23LFS7HSBG7D3IHT,2020-12-08T16:58:49Z,cloudtrail.amazonaws.com,GetTrailStatus,us-east-1,42.107.76.87,console.amazonaws.com,,[],c62c6baa-93bb-49cf-9879-4a0405a6a353,bfe8eada-04ef-4b2c-8659-1f122e9a1e74,true,AwsApiCall,745926752740,Management
CloudTrail,ASIA23LFS7HSBG7D3IHT,2020-12-08T16:58:33Z,cloudtrail.amazonaws.com,GetTrailStatus,us-east-1,42.107.76.87,console.amazonaws.com,,[],2a1da5ec-9c9a-454b-bc09-d22ed660bc09,80733e0d-0ae1-483c-847d-edb6336bbe92,true,AwsApiCall,745926752740,Management
CloudTrail,ASIA23LFS7HSBG7D3IHT,2020-12-08T16:58:33Z,cloudtrail.amazonaws.com,DescribeTrails,us-east-1,42.107.76.87,console.amazonaws.com,,[],a3baff0f-bc96-498f-80ac-b6f0b0963565,9a64bc6c-49f2-4344-97af-732648a981ec,true,AwsApiCall,745926752740,Management
CloudTrail,ASIA23LFS7HSBG7D3IHT,2020-12-08T16:57:17Z,cloudtrail.amazonaws.com,LookupEvents,us-east-1,42.107.76.87,console.amazonaws.com,,[],91ca36dc-30e5-4f1f-9b8e-2de982ee55ce,51bccd67-9b7d-4aed-9cba-f2e2d535f72e,true,AwsApiCall,745926752740,Management
CloudTrail,ASIA23LFS7HSBG7D3IHT,2020-12-08T16:57:05Z,config.amazonaws.com,DescribeConfigurationRecorders,us-east-1,42.107.76.87,"AWSCloudTrail, aws-internal/3 aws-sdk-java/1.11.898 Linux/4.9.217-0.3.ac.206.84.332.metal1.x86_64 OpenJDK_64-Bit_Server_VM/25.275-b01 java/1.8.0_275 vendor/Oracle_Corporation",AccessDenied,[],772ef8b8-25a3-4a56-b756-0abe7d9af56d,5eac2ca5-8dbd-4a37-8701-130be6a4fa5f,true,AwsApiCall,745926752740,Management
CloudTrail,ASIA23LFS7HSBG7D3IHT,2020-12-08T16:57:03Z,cloudtrail.amazonaws.com,ListTags,us-east-1,42.107.76.87,console.amazonaws.com,,[],9e656f34-a135-49d6-87eb-4a46ef29d66d,723c5ee0-e8fe-40b3-aa13-0b7c7f4e7609,true,AwsApiCall,745926752740,Management
CloudTrail,ASIA23LFS7HSBG7D3IHT,2020-12-08T16:56:36Z,cloudtrail.amazonaws.com,LookupEvents,us-east-1,42.107.76.87,console.amazonaws.com,,[],6c190360-3fe2-473f-984a-de45bf13842d,8a02799e-5044-47ad-b086-105c023e7891,true,AwsApiCall,745926752740,Management
CloudTrail,ASIA23LFS7HSBG7D3IHT,2020-12-08T16:56:22Z,cloudtrail.amazonaws.com,GetInsightSelectors,us-east-1,42.107.76.87,console.amazonaws.com,InsightNotEnabledException,[],8ab2bea9-8c20-4f75-8a88-15278eb065a8,05e8be0e-249f-4d6d-b0e4-588ac99878a4,true,AwsApiCall,745926752740,Management
CloudTrail,ASIA23LFS7HSBG7D3IHT,2020-12-08T16:56:20Z,cloudtrail.amazonaws.com,DescribeTrails,us-east-1,42.107.76.87,console.amazonaws.com,,[],3484eb7b-0426-4844-b6b4-cdba0c1bebc9,19f3b9cc-4d6e-462b-a2d0-25f571b71c7e,true,AwsApiCall,745926752740,Management
CloudTrail,ASIA23LFS7HSBG7D3IHT,2020-12-08T16:56:20Z,cloudtrail.amazonaws.com,GetTrailStatus,us-east-1,42.107.76.87,console.amazonaws.com,,[],7d416a83-8ce0-47f3-8b14-10d696ffe8e7,980516cf-7e0a-40ef-9d26-bbbfa229c59c,true,AwsApiCall,745926752740,Management
CloudTrail,ASIA23LFS7HSBG7D3IHT,2020-12-08T16:56:03Z,cloudtrail.amazonaws.com,GetEventSelectors,us-east-1,42.107.76.87,console.amazonaws.com,,[],ab318ce6-39d1-45e5-bbe5-b4ad89c64928,6477e8bf-55f1-44d0-b692-22dda685aab0,true,AwsApiCall,745926752740,Management
CloudTrail,ASIA23LFS7HSBG7D3IHT,2020-12-08T16:55:53Z,cloudtrail.amazonaws.com,GetTrailStatus,us-east-1,42.107.76.87,console.amazonaws.com,,[],cc5e31a6-d523-4f01-b9a4-0c2bf6a274e8,9af47f67-1c1c-431e-a321-eedc1155317b,true,AwsApiCall,745926752740,Management
CloudTrail,ASIA23LFS7HSBG7D3IHT,2020-12-08T16:55:53Z,cloudtrail.amazonaws.com,DescribeTrails,us-east-1,42.107.76.87,console.amazonaws.com,,[],99732b75-ef43-48cf-866a-f2d2ab46a36b,e7df8360-049a-40a3-9c86-eedc8953d6fe,true,AwsApiCall,745926752740,Management
CloudTrail,ASIA23LFS7HSBG7D3IHT,2020-12-08T16:55:37Z,cloudtrail.amazonaws.com,DescribeTrails,us-east-1,42.107.76.87,console.amazonaws.com,,[],c5e3c4e6-ed86-4d31-ad53-13c40ec55100,001a21e9-695c-4d39-b2c3-00e925b808cf,true,AwsApiCall,745926752740,Management
CloudTrail,ASIA23LFS7HSBG7D3IHT,2020-12-08T16:55:37Z,cloudtrail.amazonaws.com,GetTrailStatus,us-east-1,42.107.76.87,console.amazonaws.com,,[],9ddbfd4e-b09c-47c0-ad4f-5266971fe6a6,c0c965ff-6d95-473e-8e0f-bb5fe259ea99,true,AwsApiCall,745926752740,Management
CloudTrail,ASIA23LFS7HSBG7D3IHT,2020-12-08T16:54:34Z,cloudtrail.amazonaws.com,GetEventSelectors,us-east-1,42.107.76.87,console.amazonaws.com,,[],bc706218-0f7a-493b-8c54-98eb6d0fa950,e2d76206-4a5d-4535-b004-73f5c440848b,true,AwsApiCall,745926752740,Management
CloudTrail,ASIA23LFS7HSBG7D3IHT,2020-12-08T16:53:02Z,cloudtrail.amazonaws.com,GetTrailStatus,us-east-1,42.107.76.87,console.amazonaws.com,,[],4f43b908-f9f3-4019-83d0-7e51428d14a8,8c2da1ef-9c96-473a-b58e-cd32ed5b99a1,true,AwsApiCall,745926752740,Management
CloudTrail,ASIA23LFS7HSBG7D3IHT,2020-12-08T16:53:02Z,cloudtrail.amazonaws.com,DescribeTrails,us-east-1,42.107.76.87,console.amazonaws.com,,[],1a583285-9633-4d57-b1c4-6b470eb73a05,da6955d3-a75b-4be1-b70a-597eed3879f0,true,AwsApiCall,745926752740,Management
CloudTrail,ASIA23LFS7HSBG7D3IHT,2020-12-08T16:52:46Z,s3.amazonaws.com,PutBucketPolicy,us-east-1,42.107.76.87,"[AWSCloudTrail, aws-internal/3 aws-sdk-java/1.11.898 Linux/4.9.217-0.3.ac.206.84.332.metal1.x86_64 OpenJDK_64-Bit_Server_VM/25.275-b01 java/1.8.0_275 vendor/Oracle_Corporation]",,"[{""resourceType"":""AWS::S3::Bucket"",""resourceName"":""aws-cloudtrail-logs-745926752740-040148e0""}]",039F2BB9319FC8B8,0c8262ad-8bd9-4405-941b-37aa5fe120c2,false,AwsApiCall,745926752740,Management
CloudTrail,ASIA23LFS7HSBG7D3IHT,2020-12-08T16:52:46Z,cloudtrail.amazonaws.com,PutEventSelectors,us-east-1,42.107.76.87,console.amazonaws.com,,"[{""resourceType"":""AWS::CloudTrail::Trail"",""resourceName"":""Udacity_Trail""},{""resourceType"":""AWS::CloudTrail::Trail"",""resourceName"":""arn:aws:cloudtrail:us-east-1:745926752740:trail/Udacity_Trail""}]",22e3ebb3-16c7-4ab2-a665-06dafe5bb6ee,0f11ca8b-3060-40ef-8654-74aecc0b5174,false,AwsApiCall,745926752740,Management
CloudTrail,ASIA23LFS7HSBG7D3IHT,2020-12-08T16:52:46Z,cloudtrail.amazonaws.com,StartLogging,us-east-1,42.107.76.87,console.amazonaws.com,,"[{""resourceType"":""AWS::CloudTrail::Trail"",""resourceName"":""Udacity_Trail""}]",5f4f2e65-abea-4d0e-854c-5e43581dacd6,5c77a8fc-139a-4e77-9457-18f1fac26bba,false,AwsApiCall,745926752740,Management
CloudTrail,ASIA23LFS7HSBG7D3IHT,2020-12-08T16:52:46Z,cloudtrail.amazonaws.com,PutInsightSelectors,us-east-1,42.107.76.87,console.amazonaws.com,,"[{""resourceType"":""AWS::CloudTrail::Trail"",""resourceName"":""Udacity_Trail""},{""resourceType"":""AWS::CloudTrail::Trail"",""resourceName"":""arn:aws:cloudtrail:us-east-1:745926752740:trail/Udacity_Trail""}]",ab9f7b96-d4c7-498f-b7ae-730c6f6707b1,762af76e-a2b4-47cb-aca1-32435c0fcaf0,false,AwsApiCall,745926752740,Management
CloudTrail,ASIA23LFS7HSBG7D3IHT,2020-12-08T16:52:46Z,cloudtrail.amazonaws.com,CreateTrail,us-east-1,42.107.76.87,console.amazonaws.com,,"[{""resourceType"":""AWS::CloudTrail::Trail"",""resourceName"":""Udacity_Trail""},{""resourceType"":""AWS::CloudTrail::Trail"",""resourceName"":""arn:aws:cloudtrail:us-east-1:745926752740:trail/Udacity_Trail""},{""resourceType"":""AWS::S3::Bucket"",""resourceName"":""aws-cloudtrail-logs-745926752740-040148e0""}]",57ab9e10-455a-46eb-aa96-8baf4e1ca28d,99f5704e-5218-4ea2-bb1e-5982d93050e0,false,AwsApiCall,745926752740,Management
CloudTrail,ASIA23LFS7HSBG7D3IHT,2020-12-08T16:52:45Z,s3.amazonaws.com,GetBucketPolicy,us-east-1,42.107.76.87,"[AWSCloudTrail, aws-internal/3 aws-sdk-java/1.11.898 Linux/4.9.217-0.3.ac.206.84.332.metal1.x86_64 OpenJDK_64-Bit_Server_VM/25.275-b01 java/1.8.0_275 vendor/Oracle_Corporation]",,[],26C319266E442BD3,c894574a-2617-48a4-b570-9f5eb9072d27,true,AwsApiCall,745926752740,Management
CloudTrail,ASIA23LFS7HSBG7D3IHT,2020-12-08T16:52:45Z,s3.amazonaws.com,GetBucketLocation,us-east-1,42.107.76.87,"[AWSCloudTrail, aws-internal/3 aws-sdk-java/1.11.898 Linux/4.9.217-0.3.ac.206.84.332.metal1.x86_64 OpenJDK_64-Bit_Server_VM/25.275-b01 java/1.8.0_275 vendor/Oracle_Corporation]",,[],B253142726FF90F6,e34dbe6c-5422-4ab5-ad48-cc23835e49b7,true,AwsApiCall,745926752740,Management
CloudTrail,ASIA23LFS7HSBG7D3IHT,2020-12-08T16:50:16Z,s3.amazonaws.com,GetBucketLocation,us-east-1,42.107.76.87,"[AWSCloudTrail, aws-internal/3 aws-sdk-java/1.11.898 Linux/4.9.217-0.3.ac.206.84.332.metal1.x86_64 OpenJDK_64-Bit_Server_VM/25.275-b01 java/1.8.0_275 vendor/Oracle_Corporation]",,[],E5BAA9C2A35A2769,644cf9c1-4692-46b5-96b8-591727c7dbb8,true,AwsApiCall,745926752740,Management
CloudTrail,ASIA23LFS7HSBG7D3IHT,2020-12-08T16:50:16Z,s3.amazonaws.com,GetBucketPolicy,us-east-1,42.107.76.87,"[AWSCloudTrail, aws-internal/3 aws-sdk-java/1.11.898 Linux/4.9.217-0.3.ac.206.84.332.metal1.x86_64 OpenJDK_64-Bit_Server_VM/25.275-b01 java/1.8.0_275 vendor/Oracle_Corporation]",,[],074CB6DBFF3DE690,6e42f380-933f-4660-a81a-72d91a58a64a,true,AwsApiCall,745926752740,Management
CloudTrail,ASIA23LFS7HSBG7D3IHT,2020-12-08T16:50:16Z,cloudtrail.amazonaws.com,CreateTrail,us-east-1,42.107.76.87,console.amazonaws.com,InsufficientEncryptionPolicyException,"[{""resourceType"":""AWS::CloudTrail::Trail"",""resourceName"":""Udacity_Trail""},{""resourceType"":""AWS::S3::Bucket"",""resourceName"":""aws-cloudtrail-logs-745926752740-040148e0""},{""resourceType"":""AWS::KMS::Key"",""resourceName"":""arn:aws:kms:us-east-1:745926752740:key/73fcae82-0acb-46fc-8b4b-d4ffb983eb82""}]",073402ce-88a0-42df-b487-492fcde4759c,95675b68-56e6-4e7d-9e31-7548dc997acd,false,AwsApiCall,745926752740,Management
CloudTrail,ASIA23LFS7HSBG7D3IHT,2020-12-08T16:50:16Z,s3.amazonaws.com,PutBucketPolicy,us-east-1,42.107.76.87,"[AWSCloudTrail, aws-internal/3 aws-sdk-java/1.11.898 Linux/4.9.217-0.3.ac.206.84.332.metal1.x86_64 OpenJDK_64-Bit_Server_VM/25.275-b01 java/1.8.0_275 vendor/Oracle_Corporation]",,"[{""resourceType"":""AWS::S3::Bucket"",""resourceName"":""aws-cloudtrail-logs-745926752740-040148e0""}]",6483B5739AF371E6,c94282dc-3b2a-4133-9b4f-6aca1e79af32,false,AwsApiCall,745926752740,Management
CloudTrail,ASIA23LFS7HSBG7D3IHT,2020-12-08T16:49:51Z,lambda.amazonaws.com,ListFunctions20150331,us-east-1,42.107.76.87,console.amazonaws.com,,[],06371598-305f-45a1-9000-91e864c96bb6,fcefc06e-4e99-478b-a58d-31ae60b9d444,true,AwsApiCall,745926752740,Management
CloudTrail,ASIA23LFS7HSBG7D3IHT,2020-12-08T16:49:06Z,kms.amazonaws.com,ListKeys,us-east-1,42.107.76.87,console.amazonaws.com,,[],d31435b6-6c7f-4ea6-92eb-6d22bbf45abb,097c74f8-902a-4525-8193-99a9edc0ffa8,true,AwsApiCall,745926752740,Management
CloudTrail,ASIA23LFS7HSBG7D3IHT,2020-12-08T16:49:06Z,s3.amazonaws.com,GetBucketLocation,us-east-1,42.107.76.87,"[AWSCloudTrail, aws-internal/3 aws-sdk-java/1.11.898 Linux/4.9.217-0.3.ac.206.84.332.metal1.x86_64 OpenJDK_64-Bit_Server_VM/25.275-b01 java/1.8.0_275 vendor/Oracle_Corporation]",,[],93AA0EFF1464A587,4a43035e-7b1b-476a-a233-651bd06d57d3,true,AwsApiCall,745926752740,Management
CloudTrail,ASIA23LFS7HSBG7D3IHT,2020-12-08T16:49:06Z,kms.amazonaws.com,ListAliases,us-east-1,42.107.76.87,console.amazonaws.com,,[],47a78d03-4809-4812-abf1-28045e07554a,7c74f9c3-1dd0-42a1-a49c-e8bd8ae546b3,true,AwsApiCall,745926752740,Management
CloudTrail,ASIA23LFS7HSBG7D3IHT,2020-12-08T16:49:04Z,s3.amazonaws.com,GetBucketLocation,us-east-1,42.107.76.87,"[AWSCloudTrail, aws-internal/3 aws-sdk-java/1.11.898 Linux/4.9.217-0.3.ac.206.84.332.metal1.x86_64 OpenJDK_64-Bit_Server_VM/25.275-b01 java/1.8.0_275 vendor/Oracle_Corporation]",,[],FC618FFD08D72C10,146a2694-07b4-4c5e-b277-2ee343a0f6b6,true,AwsApiCall,745926752740,Management
CloudTrail,ASIA23LFS7HSBG7D3IHT,2020-12-08T16:49:04Z,kms.amazonaws.com,ListAliases,us-east-1,42.107.76.87,console.amazonaws.com,,[],b4a4e86f-b53f-494b-86fe-813d068424f6,5875141b-c757-49d3-a79a-787fb7e50699,true,AwsApiCall,745926752740,Management
CloudTrail,ASIA23LFS7HSBG7D3IHT,2020-12-08T16:49:04Z,kms.amazonaws.com,ListKeys,us-east-1,42.107.76.87,console.amazonaws.com,,[],f79a4e95-8cac-43ea-9e0b-31b494638172,738890fc-355b-4522-aebf-600ecb05455d,true,AwsApiCall,745926752740,Management
CloudTrail,ASIA23LFS7HSBG7D3IHT,2020-12-08T16:47:04Z,cloudtrail.amazonaws.com,DescribeTrails,us-east-1,42.107.76.87,console.amazonaws.com,,[],0ccf9b08-dd33-4ceb-8f96-f14743ba05f5,78327713-41a6-40f2-8d8c-61d31416922d,true,AwsApiCall,745926752740,Management
CloudTrail,ASIA23LFS7HSBG7D3IHT,2020-12-08T16:46:51Z,cloudtrail.amazonaws.com,DescribeTrails,us-east-1,42.107.76.87,console.amazonaws.com,,[],e753e711-4b61-4d76-9fb6-868b29e3a671,f4301d39-611f-4192-aa5c-4faf89ecae3d,true,AwsApiCall,745926752740,Management
CloudTrail,ASIA23LFS7HSBG7D3IHT,2020-12-08T16:46:50Z,cloudtrail.amazonaws.com,LookupEvents,us-east-1,42.107.76.87,console.amazonaws.com,,[],94dd07e8-5e4c-4cba-917f-0a823b3a191c,486a2328-09db-416b-afc5-98ac04acc5c2,true,AwsApiCall,745926752740,Management
CloudTrail,ASIA23LFS7HSBG7D3IHT,2020-12-08T16:46:49Z,cloudtrail.amazonaws.com,LookupEvents,us-east-1,42.107.76.87,console.amazonaws.com,,[],085016ad-ed84-4310-a728-7bbc79fec34e,2295dcd2-e634-47ce-b526-ccfa060cdcbe,true,AwsApiCall,745926752740,Management
CloudTrail,ASIA23LFS7HSBG7D3IHT,2020-12-08T16:46:09Z,s3.amazonaws.com,GetBucketLocation,us-east-1,42.107.76.87,"[AWSCloudTrail, aws-internal/3 aws-sdk-java/1.11.898 Linux/4.9.217-0.3.ac.206.84.332.metal1.x86_64 OpenJDK_64-Bit_Server_VM/25.275-b01 java/1.8.0_275 vendor/Oracle_Corporation]",,[],198E764F51E43778,1dd0cd12-69c3-4c0a-ab3c-789aed0741e6,true,AwsApiCall,745926752740,Management
CloudTrail,ASIA23LFS7HSBG7D3IHT,2020-12-08T16:46:09Z,s3.amazonaws.com,PutBucketPublicAccessBlock,us-east-1,42.107.76.87,"[AWSCloudTrail, aws-internal/3 aws-sdk-java/1.11.898 Linux/4.9.217-0.3.ac.206.84.332.metal1.x86_64 OpenJDK_64-Bit_Server_VM/25.275-b01 java/1.8.0_275 vendor/Oracle_Corporation]",AccessDenied,"[{""resourceType"":""AWS::S3::Bucket"",""resourceName"":""aws-cloudtrail-logs-745926752740-52b229da""}]",C735E757697E3AD0,5f0ab5d4-a905-41e0-a0ba-5d3ab48b3b28,false,AwsApiCall,745926752740,Management
CloudTrail,ASIA23LFS7HSBG7D3IHT,2020-12-08T16:46:09Z,s3.amazonaws.com,PutBucketPolicy,us-east-1,42.107.76.87,"[AWSCloudTrail, aws-internal/3 aws-sdk-java/1.11.898 Linux/4.9.217-0.3.ac.206.84.332.metal1.x86_64 OpenJDK_64-Bit_Server_VM/25.275-b01 java/1.8.0_275 vendor/Oracle_Corporation]",,"[{""resourceType"":""AWS::S3::Bucket"",""resourceName"":""aws-cloudtrail-logs-745926752740-52b229da""}]",E30B386E64BF9096,d6e7f1db-e0d5-4584-80e1-6ebfb83860d5,false,AwsApiCall,745926752740,Management
CloudTrail,ASIA23LFS7HSBG7D3IHT,2020-12-08T16:46:08Z,s3.amazonaws.com,CreateBucket,us-east-1,42.107.76.87,"[AWSCloudTrail, aws-internal/3 aws-sdk-java/1.11.898 Linux/4.9.217-0.3.ac.206.84.332.metal1.x86_64 OpenJDK_64-Bit_Server_VM/25.275-b01 java/1.8.0_275 vendor/Oracle_Corporation]",,"[{""resourceType"":""AWS::S3::Bucket"",""resourceName"":""aws-cloudtrail-logs-745926752740-52b229da""}]",297E4CC9A7E8682F,7746aaf8-8603-41ad-b30d-44629602a410,false,AwsApiCall,745926752740,Management
CloudTrail,ASIA23LFS7HSBG7D3IHT,2020-12-08T16:45:57Z,s3.amazonaws.com,CreateBucket,us-east-1,42.107.76.87,"[AWSCloudTrail, aws-internal/3 aws-sdk-java/1.11.898 Linux/4.9.217-0.3.ac.206.84.332.metal1.x86_64 OpenJDK_64-Bit_Server_VM/25.275-b01 java/1.8.0_275 vendor/Oracle_Corporation]",,"[{""resourceType"":""AWS::S3::Bucket"",""resourceName"":""aws-cloudtrail-logs-745926752740-52b229da""}]",6FF4DED74370870F,2da410b5-94e8-482d-a667-ca4c219132bb,false,AwsApiCall,745926752740,Management
CloudTrail,ASIA23LFS7HSBG7D3IHT,2020-12-08T16:45:57Z,s3.amazonaws.com,PutBucketPolicy,us-east-1,42.107.76.87,"[AWSCloudTrail, aws-internal/3 aws-sdk-java/1.11.898 Linux/4.9.217-0.3.ac.206.84.332.metal1.x86_64 OpenJDK_64-Bit_Server_VM/25.275-b01 java/1.8.0_275 vendor/Oracle_Corporation]",,"[{""resourceType"":""AWS::S3::Bucket"",""resourceName"":""aws-cloudtrail-logs-745926752740-52b229da""}]",E68E1EB11E17C0A4,934f7097-534c-477a-8954-c58d499c1b2e,false,AwsApiCall,745926752740,Management
CloudTrail,ASIA23LFS7HSBG7D3IHT,2020-12-08T16:45:57Z,s3.amazonaws.com,GetBucketLocation,us-east-1,42.107.76.87,"[AWSCloudTrail, aws-internal/3 aws-sdk-java/1.11.898 Linux/4.9.217-0.3.ac.206.84.332.metal1.x86_64 OpenJDK_64-Bit_Server_VM/25.275-b01 java/1.8.0_275 vendor/Oracle_Corporation]",,[],0C82A938B467F1B9,ab402c91-e0ec-483d-bf0c-04ef7f2384e9,true,AwsApiCall,745926752740,Management
CloudTrail,ASIA23LFS7HSBG7D3IHT,2020-12-08T16:45:57Z,s3.amazonaws.com,PutBucketPublicAccessBlock,us-east-1,42.107.76.87,"[AWSCloudTrail, aws-internal/3 aws-sdk-java/1.11.898 Linux/4.9.217-0.3.ac.206.84.332.metal1.x86_64 OpenJDK_64-Bit_Server_VM/25.275-b01 java/1.8.0_275 vendor/Oracle_Corporation]",AccessDenied,"[{""resourceType"":""AWS::S3::Bucket"",""resourceName"":""aws-cloudtrail-logs-745926752740-52b229da""}]",8QDH1KBT9T1WFW7P,e2e0c4da-a10c-4bc7-b247-1c813823de49,false,AwsApiCall,745926752740,Management
CloudTrail,ASIA23LFS7HSBG7D3IHT,2020-12-08T16:44:44Z,lambda.amazonaws.com,ListFunctions20150331,us-east-1,42.107.76.87,console.amazonaws.com,,[],2a7eeaca-be95-4767-8441-1f621db1bd24,6c20a97c-437a-4de5-8cad-1fa0e67de9d8,true,AwsApiCall,745926752740,Management
CloudTrail,ASIA23LFS7HSBG7D3IHT,2020-12-08T16:43:28Z,cloudtrail.amazonaws.com,DescribeTrails,us-east-1,42.107.76.87,console.amazonaws.com,,[],1441c522-c6c0-4105-a527-b7527e192177,10913edf-884b-49c2-ba91-ead16d46b8fc,true,AwsApiCall,745926752740,Management
CloudTrail,ASIA23LFS7HSBG7D3IHT,2020-12-08T16:43:17Z,cloudtrail.amazonaws.com,LookupEvents,us-east-1,42.107.76.87,console.amazonaws.com,,[],d163013b-043f-433b-b47b-685cac88c88d,436a637c-8a57-449c-926d-138f19d721d5,true,AwsApiCall,745926752740,Management
CloudTrail,ASIA23LFS7HSBG7D3IHT,2020-12-08T16:43:17Z,cloudtrail.amazonaws.com,LookupEvents,us-east-1,42.107.76.87,console.amazonaws.com,,[],e681ab27-82d6-4794-b030-8c3167593526,51ce0cdd-6b36-481d-9c71-8f844952ddfb,true,AwsApiCall,745926752740,Management
CloudTrail,ASIA23LFS7HSBG7D3IHT,2020-12-08T16:43:17Z,cloudtrail.amazonaws.com,DescribeTrails,us-east-1,42.107.76.87,console.amazonaws.com,,[],dd9fb772-26c0-4b17-9353-4ddb30e647df,a3e8325d-3117-47a8-8604-ca554b86720b,true,AwsApiCall,745926752740,Management
CloudTrail,ASIA23LFS7HSKKYTFW7O,2020-12-08T16:43:12Z,health.amazonaws.com,DescribeEventAggregates,us-east-1,42.107.76.87,console.amazonaws.com,AccessDenied,[],1c7f4ee4-68d2-4b0d-ac21-be81b5d00bb9,ca76eb56-757c-4bf4-8728-07a4422bde7e,true,AwsApiCall,745926752740,Management
CloudTrail,ASIA23LFS7HSBG7D3IHT,2020-12-08T16:43:09Z,organizations.amazonaws.com,DescribeOrganization,us-east-1,42.107.76.87,console.amazonaws.com,AccessDenied,[],307e541e-0fd1-401a-8987-4e7bd23ebb3a,a424e983-0e7b-4f9a-a0f8-2c0f80c236be,true,AwsApiCall,745926752740,Management
CloudTrail,ASIA23LFS7HSBG7D3IHT,2020-12-08T16:42:55Z,s3.amazonaws.com,ListBuckets,us-east-1,42.107.76.87,"[AWSCloudTrail, aws-internal/3 aws-sdk-java/1.11.898 Linux/4.9.217-0.3.ac.206.84.332.metal1.x86_64 OpenJDK_64-Bit_Server_VM/25.275-b01 java/1.8.0_275 vendor/Oracle_Corporation]",,[],66F18BCA4CE6FDBB,6ec82459-ebc4-48d2-a0fd-cc72c9b74e64,true,AwsApiCall,745926752740,Management
CloudTrail,ASIA23LFS7HSBG7D3IHT,2020-12-08T16:42:55Z,cloudtrail.amazonaws.com,DescribeTrails,us-east-1,42.107.76.87,console.amazonaws.com,,[],b82d6d73-6c6b-493d-ae4f-c58ec904c319,887e3c67-c43f-40e7-b4f1-236f11a2b3b0,true,AwsApiCall,745926752740,Management
CloudTrail,ASIA23LFS7HSBG7D3IHT,2020-12-08T16:42:05Z,organizations.amazonaws.com,DescribeOrganization,us-east-1,42.107.76.87,console.amazonaws.com,AccessDenied,[],c3a495d8-343f-4902-8dcf-8b2f13f7de15,68b23015-bab2-43c9-8834-a2cb5fe2ce80,true,AwsApiCall,745926752740,Management
CloudTrail,ASIA23LFS7HSKKYTFW7O,2020-12-08T16:41:05Z,health.amazonaws.com,DescribeEventAggregates,us-east-1,42.107.76.87,console.amazonaws.com,AccessDenied,[],0bb37fe1-2314-425e-8d5b-c9e5bb79e77b,d73a4d88-3562-499a-bdf7-e57aeac7ee6a,true,AwsApiCall,745926752740,Management
CloudTrail,ASIA23LFS7HSBG7D3IHT,2020-12-08T16:41:04Z,cloudtrail.amazonaws.com,DescribeTrails,us-east-1,42.107.76.87,console.amazonaws.com,,[],fe237e9b-ebad-40da-bdcc-fe6dc4c493d8,2b23cc94-f05d-453f-9e13-ce8ddd8fa2c7,true,AwsApiCall,745926752740,Management
CloudTrail,ASIA23LFS7HSBG7D3IHT,2020-12-08T16:41:04Z,s3.amazonaws.com,ListBuckets,us-east-1,42.107.76.87,"[AWSCloudTrail, aws-internal/3 aws-sdk-java/1.11.898 Linux/4.9.217-0.3.ac.206.84.332.metal1.x86_64 OpenJDK_64-Bit_Server_VM/25.275-b01 java/1.8.0_275 vendor/Oracle_Corporation]",,[],D2DCF5CC7283C4CD,d37deacf-ca7c-4a34-8156-827f35174235,true,AwsApiCall,745926752740,Management
CloudTrail,ASIA23LFS7HSLATKBAEH,2020-12-08T16:40:18Z,ec2.amazonaws.com,DescribeRegions,us-east-1,42.107.76.87,aws-internal/3 aws-sdk-java/1.11.714 Linux/4.9.230-0.1.ac.223.84.332.metal1.x86_64 OpenJDK_64-Bit_Server_VM/25.242-b08 java/1.8.0_242 vendor/Oracle_Corporation,Client.UnauthorizedOperation,[],5b8bf6f6-14f1-48e0-978e-99a571c34122,5574f334-e816-4202-ac13-b83ad1c345f5,true,AwsApiCall,745926752740,Management
CloudTrail,ASIA23LFS7HSBG7D3IHT,2020-12-08T16:39:26Z,s3.amazonaws.com,ListBuckets,us-east-1,42.107.76.87,"[AWSCloudTrail, aws-internal/3 aws-sdk-java/1.11.898 Linux/4.9.217-0.3.ac.206.84.332.metal1.x86_64 OpenJDK_64-Bit_Server_VM/25.275-b01 java/1.8.0_275 vendor/Oracle_Corporation]",,[],984F59C666BBA213,aea004be-0c0f-486c-a4d6-49cdcd505e43,true,AwsApiCall,745926752740,Management
CloudTrail,ASIA23LFS7HSBG7D3IHT,2020-12-08T16:39:26Z,cloudtrail.amazonaws.com,DescribeTrails,us-east-1,42.107.76.87,console.amazonaws.com,,[],616458b6-bb5c-4d4a-83d6-b15ffce50b48,bef064ee-39b4-43e3-bf04-36d3f32631a5,true,AwsApiCall,745926752740,Management
CloudTrail,ASIA23LFS7HSKKYTFW7O,2020-12-08T16:38:22Z,health.amazonaws.com,DescribeEventAggregates,us-east-1,42.107.76.87,console.amazonaws.com,AccessDenied,[],0b01571a-3fce-4a8b-8a14-cc6aa7b56e77,7a5b6ff8-1306-4096-acc5-d0c9b2ce40c1,true,AwsApiCall,745926752740,Management
CloudTrail,ASIA23LFS7HSE7GRYEFQ,2020-12-08T16:38:03Z,iam.amazonaws.com,ChangePassword,us-east-1,AWS Internal,AWS Internal,,[],6eccc9d3-accd-4bc8-b127-e24483c14d43,3c290aee-dc2a-4ef9-851d-093bf3a7d3b7,false,AwsApiCall,745926752740,Management
CloudTrail,ASIA23LFS7HSE7GRYEFQ,2020-12-08T16:37:38Z,iam.amazonaws.com,ChangePassword,us-east-1,AWS Internal,AWS Internal,InternalFailure,[],778ce866-f0d4-47b7-9dc1-41699f573eac,a13b77c9-2cf7-4187-97b7-de8297e8f399,false,AwsApiCall,745926752740,Management
CloudTrail,,2020-12-08T16:37:12Z,signin.amazonaws.com,ConsoleLogin,us-east-1,42.107.76.87,"Mozilla/5.0 (Macintosh; Intel Mac OS X 10_15_7) AppleWebKit/537.36 (KHTML, like Gecko) Chrome/87.0.4280.88 Safari/537.36",,[],,bac25423-2d0d-44c4-8368-bb8a0e00e6a9,false,AwsConsoleSignIn,745926752740,Management
CloudTrail,ASIA23LFS7HSHOZPP5EI,2020-12-05T06:23:48Z,health.amazonaws.com,DescribeEvents,us-east-1,42.106.100.12,console.amazonaws.com,AccessDenied,[],5f022646-da25-4840-8817-cb4d898df23b,797782ad-768c-41a9-85ce-8ad7ea9a876d,true,AwsApiCall,745926752740,Management
CloudTrail,ASIA23LFS7HSHOZPP5EI,2020-12-05T06:23:47Z,health.amazonaws.com,DescribeEventAggregates,us-east-1,42.106.100.12,console.amazonaws.com,AccessDenied,[],3998f5f9-d7db-4556-b70a-64356d8bb184,4407448c-124f-4fc1-8844-b32ff01a2cec,true,AwsApiCall,745926752740,Management
CloudTrail,ASIA23LFS7HSKCI2BB3P,2020-12-05T06:23:43Z,trustedadvisor.amazonaws.com,DescribeAccount,us-east-1,42.106.100.12,"AWS-SupportCenterConsole, aws-internal/3",AccessDenied,[],bb401a5a-4de4-4847-805c-10fae3a422ac,69328bd8-ca7d-4d05-9730-a629156619e2,true,AwsApiCall,745926752740,Management
CloudTrail,ASIA23LFS7HSKCI2BB3P,2020-12-05T06:23:43Z,trustedadvisor.amazonaws.com,DescribeChecks,us-east-1,42.106.100.12,"AWS-SupportCenterConsole, aws-internal/3",AccessDenied,[],fa93acd0-7dc1-4357-8868-5d0037b24601,b07a8445-4730-492a-a2ae-a76d0d5b9ee6,true,AwsApiCall,745926752740,Management
CloudTrail,ASIA23LFS7HSG34ES6HY,2020-12-05T06:23:16Z,cloudtrail.amazonaws.com,DescribeTrails,us-east-1,42.106.100.12,console.amazonaws.com,,[],fd6c5f44-757c-4140-b08f-3d9e6f40369b,52cf591a-dee6-4d58-83d4-fa72cd1ce48f,true,AwsApiCall,745926752740,Management
CloudTrail,ASIA23LFS7HSG34ES6HY,2020-12-05T06:23:15Z,s3.amazonaws.com,PutBucketPolicy,us-east-1,42.106.100.12,"[AWSCloudTrail, aws-internal/3 aws-sdk-java/1.11.893 Linux/4.9.217-0.3.ac.206.84.332.metal1.x86_64 OpenJDK_64-Bit_Server_VM/25.275-b01 java/1.8.0_275 vendor/Oracle_Corporation]",,"[{""resourceType"":""AWS::S3::Bucket"",""resourceName"":""aws-cloudtrail-logs-745926752740-3496ae62""}]",E61B1DA2BAD8D0AB,195c4fe6-f7eb-4958-a28d-8335a5104fc8,false,AwsApiCall,745926752740,Management
CloudTrail,ASIA23LFS7HSG34ES6HY,2020-12-05T06:23:15Z,s3.amazonaws.com,GetBucketLocation,us-east-1,42.106.100.12,"[AWSCloudTrail, aws-internal/3 aws-sdk-java/1.11.893 Linux/4.9.217-0.3.ac.206.84.332.metal1.x86_64 OpenJDK_64-Bit_Server_VM/25.275-b01 java/1.8.0_275 vendor/Oracle_Corporation]",,[],322E2BA68706E3E5,a5f80964-3816-48f6-80e5-b4193b83bdeb,true,AwsApiCall,745926752740,Management
CloudTrail,ASIA23LFS7HSG34ES6HY,2020-12-05T06:23:15Z,s3.amazonaws.com,PutBucketPublicAccessBlock,us-east-1,42.106.100.12,"[AWSCloudTrail, aws-internal/3 aws-sdk-java/1.11.893 Linux/4.9.217-0.3.ac.206.84.332.metal1.x86_64 OpenJDK_64-Bit_Server_VM/25.275-b01 java/1.8.0_275 vendor/Oracle_Corporation]",AccessDenied,"[{""resourceType"":""AWS::S3::Bucket"",""resourceName"":""aws-cloudtrail-logs-745926752740-3496ae62""}]",BD91528D852ACECE,b0985472-b405-4180-b850-c3d1cacc4b45,false,AwsApiCall,745926752740,Management
CloudTrail,ASIA23LFS7HSG34ES6HY,2020-12-05T06:23:14Z,s3.amazonaws.com,CreateBucket,us-east-1,42.106.100.12,"[AWSCloudTrail, aws-internal/3 aws-sdk-java/1.11.893 Linux/4.9.217-0.3.ac.206.84.332.metal1.x86_64 OpenJDK_64-Bit_Server_VM/25.275-b01 java/1.8.0_275 vendor/Oracle_Corporation]",,"[{""resourceType"":""AWS::S3::Bucket"",""resourceName"":""aws-cloudtrail-logs-745926752740-3496ae62""}]",2DC7B5C30429E9BA,73bcbb1b-00e6-40e9-9ef8-e44f4de5dfba,false,AwsApiCall,745926752740,Management
CloudTrail,ASIA23LFS7HSG34ES6HY,2020-12-05T06:22:53Z,cloudtrail.amazonaws.com,DescribeTrails,us-east-1,42.106.100.12,console.amazonaws.com,,[],4f5673b4-a9d8-43b7-9b90-fdd679784bd6,c9f1514f-7fa2-473b-9043-d5b32967d2ec,true,AwsApiCall,745926752740,Management
CloudTrail,ASIA23LFS7HSG34ES6HY,2020-12-05T06:22:37Z,s3.amazonaws.com,PutBucketPublicAccessBlock,us-east-1,42.106.100.12,"[AWSCloudTrail, aws-internal/3 aws-sdk-java/1.11.893 Linux/4.9.217-0.3.ac.206.84.332.metal1.x86_64 OpenJDK_64-Bit_Server_VM/25.275-b01 java/1.8.0_275 vendor/Oracle_Corporation]",AccessDenied,"[{""resourceType"":""AWS::S3::Bucket"",""resourceName"":""aws-cloudtrail-logs-745926752740-18a760c1""}]",0CA101E7E03C8E91,2d3d2710-3a10-41f4-8c94-be04f022378b,false,AwsApiCall,745926752740,Management
CloudTrail,ASIA23LFS7HSG34ES6HY,2020-12-05T06:22:37Z,s3.amazonaws.com,GetBucketLocation,us-east-1,42.106.100.12,"[AWSCloudTrail, aws-internal/3 aws-sdk-java/1.11.893 Linux/4.9.217-0.3.ac.206.84.332.metal1.x86_64 OpenJDK_64-Bit_Server_VM/25.275-b01 java/1.8.0_275 vendor/Oracle_Corporation]",,[],3YAJ3ZBJ9YDV2M5W,48edb6a2-5800-480c-b150-5098d9255155,true,AwsApiCall,745926752740,Management
CloudTrail,ASIA23LFS7HSG34ES6HY,2020-12-05T06:22:37Z,s3.amazonaws.com,PutBucketPolicy,us-east-1,42.106.100.12,"[AWSCloudTrail, aws-internal/3 aws-sdk-java/1.11.893 Linux/4.9.217-0.3.ac.206.84.332.metal1.x86_64 OpenJDK_64-Bit_Server_VM/25.275-b01 java/1.8.0_275 vendor/Oracle_Corporation]",,"[{""resourceType"":""AWS::S3::Bucket"",""resourceName"":""aws-cloudtrail-logs-745926752740-18a760c1""}]",5C768AEE991496B6,986813bf-de47-471e-8d47-f3f3bf1b204f,false,AwsApiCall,745926752740,Management
CloudTrail,ASIA23LFS7HSG34ES6HY,2020-12-05T06:22:37Z,cloudtrail.amazonaws.com,DescribeTrails,us-east-1,42.106.100.12,console.amazonaws.com,,[],2a6f88ea-bbd1-4e53-bf0e-f600a087ebee,fafd71c2-cad1-4187-b1fb-9e8dc86fb8d3,true,AwsApiCall,745926752740,Management
CloudTrail,ASIA23LFS7HSG34ES6HY,2020-12-05T06:22:36Z,s3.amazonaws.com,CreateBucket,us-east-1,42.106.100.12,"[AWSCloudTrail, aws-internal/3 aws-sdk-java/1.11.893 Linux/4.9.217-0.3.ac.206.84.332.metal1.x86_64 OpenJDK_64-Bit_Server_VM/25.275-b01 java/1.8.0_275 vendor/Oracle_Corporation]",,"[{""resourceType"":""AWS::S3::Bucket"",""resourceName"":""aws-cloudtrail-logs-745926752740-18a760c1""}]",5CD40C63171D55EC,38d6cdad-e92e-4ad3-a0c7-5cfd71f9ab22,false,AwsApiCall,745926752740,Management
CloudTrail,ASIA23LFS7HSHOZPP5EI,2020-12-05T06:22:22Z,health.amazonaws.com,DescribeEventAggregates,us-east-1,42.106.100.12,console.amazonaws.com,AccessDenied,[],87acedc6-093f-45bd-aaa4-afe34d1e1e10,d1141831-a98f-4773-b4b6-2489f411817d,true,AwsApiCall,745926752740,Management
CloudTrail,ASIA23LFS7HSG34ES6HY,2020-12-05T06:22:19Z,organizations.amazonaws.com,DescribeOrganization,us-east-1,42.106.100.12,console.amazonaws.com,AccessDenied,[],7a086342-2efa-4f37-84f5-43c37b676126,3a64aa0e-7267-416e-998a-397aede02cd2,true,AwsApiCall,745926752740,Management
CloudTrail,ASIA23LFS7HSG34ES6HY,2020-12-05T06:22:15Z,cloudtrail.amazonaws.com,DescribeTrails,us-east-1,42.106.100.12,console.amazonaws.com,,[],105ad7cb-2533-4e09-a01f-7c1854f3ac2e,a37fe876-ce4a-435a-b528-b42800f40215,true,AwsApiCall,745926752740,Management
CloudTrail,ASIA23LFS7HSG34ES6HY,2020-12-05T06:22:15Z,s3.amazonaws.com,ListBuckets,us-east-1,42.106.100.12,"[AWSCloudTrail, aws-internal/3 aws-sdk-java/1.11.893 Linux/4.9.217-0.3.ac.206.84.332.metal1.x86_64 OpenJDK_64-Bit_Server_VM/25.275-b01 java/1.8.0_275 vendor/Oracle_Corporation]",,[],215992F3354CEE47,feae65db-44da-4367-bacf-5ca1bece060f,true,AwsApiCall,745926752740,Management
CloudTrail,ASIA23LFS7HSHOZPP5EI,2020-12-05T06:21:22Z,health.amazonaws.com,DescribeEventAggregates,us-east-1,42.106.100.12,console.amazonaws.com,AccessDenied,[],3e6082f7-a9c7-40c7-93ea-e85a5ad79ac1,023cf20a-e4f2-49ff-808d-bed1ba2aba5f,true,AwsApiCall,745926752740,Management
CloudTrail,,2020-12-05T06:21:11Z,signin.amazonaws.com,ConsoleLogin,us-east-1,42.106.100.12,"Mozilla/5.0 (Macintosh; Intel Mac OS X 10_15_7) AppleWebKit/537.36 (KHTML, like Gecko) Chrome/87.0.4280.67 Safari/537.36",,[],,5871c3d4-36ac-4b65-b288-ab88140489dc,false,AwsConsoleSignIn,745926752740,Management
CloudTrail,ASIA23LFS7HSBFNLEQML,2020-12-05T01:16:03Z,s3.amazonaws.com,PutBucketPublicAccessBlock,us-east-1,42.106.108.10,"[AWSCloudTrail, aws-internal/3 aws-sdk-java/1.11.893 Linux/4.9.217-0.3.ac.206.84.332.metal1.x86_64 OpenJDK_64-Bit_Server_VM/25.275-b01 java/1.8.0_275 vendor/Oracle_Corporation]",AccessDenied,"[{""resourceType"":""AWS::S3::Bucket"",""resourceName"":""aws-cloudtrail-logs-745926752740-040148e0""}]",B03E3290C04A8904,3e5977df-424a-4073-a14b-be6eddc319c0,false,AwsApiCall,745926752740,Management
CloudTrail,ASIA23LFS7HSBFNLEQML,2020-12-05T01:16:02Z,s3.amazonaws.com,CreateBucket,us-east-1,42.106.108.10,"[AWSCloudTrail, aws-internal/3 aws-sdk-java/1.11.893 Linux/4.9.217-0.3.ac.206.84.332.metal1.x86_64 OpenJDK_64-Bit_Server_VM/25.275-b01 java/1.8.0_275 vendor/Oracle_Corporation]",,"[{""resourceType"":""AWS::S3::Bucket"",""resourceName"":""aws-cloudtrail-logs-745926752740-040148e0""}]",63F4D8ABAF5A11FC,03e5359c-9df6-4401-9404-840f8272e65e,false,AwsApiCall,745926752740,Management
CloudTrail,ASIA23LFS7HSBFNLEQML,2020-12-05T01:16:02Z,s3.amazonaws.com,GetBucketLocation,us-east-1,42.106.108.10,"[AWSCloudTrail, aws-internal/3 aws-sdk-java/1.11.893 Linux/4.9.217-0.3.ac.206.84.332.metal1.x86_64 OpenJDK_64-Bit_Server_VM/25.275-b01 java/1.8.0_275 vendor/Oracle_Corporation]",,[],D60FF03CA4D52DAE,bcbbd6be-011d-48c3-8713-340c62c0d811,true,AwsApiCall,745926752740,Management
CloudTrail,ASIA23LFS7HSBFNLEQML,2020-12-05T01:16:02Z,s3.amazonaws.com,PutBucketPolicy,us-east-1,42.106.108.10,"[AWSCloudTrail, aws-internal/3 aws-sdk-java/1.11.893 Linux/4.9.217-0.3.ac.206.84.332.metal1.x86_64 OpenJDK_64-Bit_Server_VM/25.275-b01 java/1.8.0_275 vendor/Oracle_Corporation]",,"[{""resourceType"":""AWS::S3::Bucket"",""resourceName"":""aws-cloudtrail-logs-745926752740-040148e0""}]",EZ4S7Z7YDV9HCH1R,c88467a9-4718-41bd-8f53-a51de4112d3f,false,AwsApiCall,745926752740,Management
CloudTrail,ASIA23LFS7HSBFNLEQML,2020-12-05T01:15:50Z,lambda.amazonaws.com,ListFunctions20150331,us-east-1,42.106.108.10,console.amazonaws.com,,[],edb935ce-557f-4150-88dd-34ad19f7a262,5f5b0965-9d55-457e-9fd1-9b76d40a3e7f,true,AwsApiCall,745926752740,Management
CloudTrail,ASIA23LFS7HSBFNLEQML,2020-12-05T01:15:29Z,kms.amazonaws.com,ListAliases,us-east-1,42.106.108.10,console.amazonaws.com,,[],4b238c43-6795-4752-af72-d1dd2cd0e165,253c2afd-32e5-4a66-99b4-9f70c7c705b7,true,AwsApiCall,745926752740,Management
CloudTrail,ASIA23LFS7HSBFNLEQML,2020-12-05T01:15:29Z,kms.amazonaws.com,ListKeys,us-east-1,42.106.108.10,console.amazonaws.com,,[],f27e43bc-6b9b-4d26-be3d-1d7e79b6ca21,ef411a17-a076-42fe-8dda-78f022deb248,true,AwsApiCall,745926752740,Management
CloudTrail,ASIA23LFS7HSBFNLEQML,2020-12-05T01:15:10Z,cloudtrail.amazonaws.com,DescribeTrails,us-east-1,42.106.108.10,console.amazonaws.com,,[],e6bbad6f-de8d-4c7a-adc1-0900961eeb7d,fd2da3c4-0320-4839-8b1b-ff448c1b8d13,true,AwsApiCall,745926752740,Management
CloudTrail,ASIA23LFS7HSBFNLEQML,2020-12-05T01:15:01Z,cloudtrail.amazonaws.com,DescribeTrails,us-east-1,42.106.108.10,console.amazonaws.com,,[],8a671053-5c66-4419-86c5-0eec5e0ebce3,95f187e4-e99f-4058-828a-5482db8ce799,true,AwsApiCall,745926752740,Management
CloudTrail,ASIA23LFS7HSBFNLEQML,2020-12-05T01:15:00Z,s3.amazonaws.com,PutBucketPolicy,us-east-1,42.106.108.10,"[AWSCloudTrail, aws-internal/3 aws-sdk-java/1.11.893 Linux/4.9.217-0.3.ac.206.84.332.metal1.x86_64 OpenJDK_64-Bit_Server_VM/25.275-b01 java/1.8.0_275 vendor/Oracle_Corporation]",,"[{""resourceType"":""AWS::S3::Bucket"",""resourceName"":""aws-cloudtrail-logs-745926752740-2bdaa1d4""}]",D4A6B6363F33F919,2744cb9f-b51a-4312-8da5-a305c57cb478,false,AwsApiCall,745926752740,Management
CloudTrail,ASIA23LFS7HSBFNLEQML,2020-12-05T01:15:00Z,s3.amazonaws.com,GetBucketLocation,us-east-1,42.106.108.10,"[AWSCloudTrail, aws-internal/3 aws-sdk-java/1.11.893 Linux/4.9.217-0.3.ac.206.84.332.metal1.x86_64 OpenJDK_64-Bit_Server_VM/25.275-b01 java/1.8.0_275 vendor/Oracle_Corporation]",,[],F7F5560E98596FB4,32a2ab25-5abc-40af-a2a9-76f310018ae6,true,AwsApiCall,745926752740,Management
CloudTrail,ASIA23LFS7HSBFNLEQML,2020-12-05T01:15:00Z,s3.amazonaws.com,CreateBucket,us-east-1,42.106.108.10,"[AWSCloudTrail, aws-internal/3 aws-sdk-java/1.11.893 Linux/4.9.217-0.3.ac.206.84.332.metal1.x86_64 OpenJDK_64-Bit_Server_VM/25.275-b01 java/1.8.0_275 vendor/Oracle_Corporation]",,"[{""resourceType"":""AWS::S3::Bucket"",""resourceName"":""aws-cloudtrail-logs-745926752740-2bdaa1d4""}]",D6C4579A8D52764F,55cf639b-df43-45d7-914d-b3dfd79b6cfe,false,AwsApiCall,745926752740,Management
CloudTrail,ASIA23LFS7HSBFNLEQML,2020-12-05T01:15:00Z,s3.amazonaws.com,PutBucketPublicAccessBlock,us-east-1,42.106.108.10,"[AWSCloudTrail, aws-internal/3 aws-sdk-java/1.11.893 Linux/4.9.217-0.3.ac.206.84.332.metal1.x86_64 OpenJDK_64-Bit_Server_VM/25.275-b01 java/1.8.0_275 vendor/Oracle_Corporation]",AccessDenied,"[{""resourceType"":""AWS::S3::Bucket"",""resourceName"":""aws-cloudtrail-logs-745926752740-2bdaa1d4""}]",5C681C10894D5DCB,902b1351-eb2a-4f7d-b5a1-f5f23aedf079,false,AwsApiCall,745926752740,Management
CloudTrail,ASIA23LFS7HSFWJVNUEH,2020-12-05T01:12:42Z,health.amazonaws.com,DescribeEventAggregates,us-east-1,42.106.108.10,console.amazonaws.com,AccessDenied,[],453bde20-76a4-4d9c-ac82-3bda5510551c,21eec51c-4d2c-4c20-8d48-8a9bb9827573,true,AwsApiCall,745926752740,Management
CloudTrail,ASIA23LFS7HSBFNLEQML,2020-12-05T01:12:37Z,organizations.amazonaws.com,DescribeOrganization,us-east-1,42.106.108.10,console.amazonaws.com,AccessDenied,[],f7dca4d2-83ef-47d3-a98d-680caac26c26,139e6fc4-b845-4552-ad9a-a2fddcd00c86,true,AwsApiCall,745926752740,Management
CloudTrail,ASIA23LFS7HSBFNLEQML,2020-12-05T01:12:31Z,s3.amazonaws.com,ListBuckets,us-east-1,42.106.108.10,"[AWSCloudTrail, aws-internal/3 aws-sdk-java/1.11.893 Linux/4.9.217-0.3.ac.206.84.332.metal1.x86_64 OpenJDK_64-Bit_Server_VM/25.275-b01 java/1.8.0_275 vendor/Oracle_Corporation]",,[],E448030023A7E775,0b6892e8-9ed3-4240-af91-f3fc07954537,true,AwsApiCall,745926752740,Management
CloudTrail,ASIA23LFS7HSBFNLEQML,2020-12-05T01:12:31Z,cloudtrail.amazonaws.com,DescribeTrails,us-east-1,42.106.108.10,console.amazonaws.com,,[],f170704f-7a81-4288-b01a-aff6ab81e341,4597cbc2-81c8-4d70-8b07-56458407657b,true,AwsApiCall,745926752740,Management
CloudTrail,,2020-12-05T01:12:21Z,signin.amazonaws.com,ConsoleLogin,us-east-1,42.106.108.10,"Mozilla/5.0 (Macintosh; Intel Mac OS X 10_15_7) AppleWebKit/537.36 (KHTML, like Gecko) Chrome/87.0.4280.67 Safari/537.36",,[],,f0ded818-6250-4d04-9758-fda7d53521e0,false,AwsConsoleSignIn,745926752740,Management
CloudTrail,ASIA23LFS7HSKDJKN2EZ,2020-12-05T00:49:39Z,s3.amazonaws.com,CreateBucket,us-east-1,42.106.108.10,"[AWSCloudTrail, aws-internal/3 aws-sdk-java/1.11.893 Linux/4.9.217-0.3.ac.206.84.332.metal1.x86_64 OpenJDK_64-Bit_Server_VM/25.275-b01 java/1.8.0_275 vendor/Oracle_Corporation]",,"[{""resourceType"":""AWS::S3::Bucket"",""resourceName"":""aws-cloudtrail-logs-745926752740-7151b824""}]",DC207866CEA91E5E,2e71c285-f5a5-404c-83f4-f85af617e9d2,false,AwsApiCall,745926752740,Management
CloudTrail,ASIA23LFS7HSKDJKN2EZ,2020-12-05T00:49:39Z,s3.amazonaws.com,PutBucketPublicAccessBlock,us-east-1,42.106.108.10,"[AWSCloudTrail, aws-internal/3 aws-sdk-java/1.11.893 Linux/4.9.217-0.3.ac.206.84.332.metal1.x86_64 OpenJDK_64-Bit_Server_VM/25.275-b01 java/1.8.0_275 vendor/Oracle_Corporation]",AccessDenied,"[{""resourceType"":""AWS::S3::Bucket"",""resourceName"":""aws-cloudtrail-logs-745926752740-7151b824""}]",E2791501D67A7CFA,6a650d86-9f83-4446-b14f-943d80b00375,false,AwsApiCall,745926752740,Management
CloudTrail,ASIA23LFS7HSKDJKN2EZ,2020-12-05T00:49:39Z,s3.amazonaws.com,PutBucketPolicy,us-east-1,42.106.108.10,"[AWSCloudTrail, aws-internal/3 aws-sdk-java/1.11.893 Linux/4.9.217-0.3.ac.206.84.332.metal1.x86_64 OpenJDK_64-Bit_Server_VM/25.275-b01 java/1.8.0_275 vendor/Oracle_Corporation]",,"[{""resourceType"":""AWS::S3::Bucket"",""resourceName"":""aws-cloudtrail-logs-745926752740-7151b824""}]",36CC8FDE5ACFA061,7e468870-166f-4767-902a-322700cdd7b0,false,AwsApiCall,745926752740,Management
CloudTrail,ASIA23LFS7HSKDJKN2EZ,2020-12-05T00:49:39Z,s3.amazonaws.com,GetBucketLocation,us-east-1,42.106.108.10,"[AWSCloudTrail, aws-internal/3 aws-sdk-java/1.11.893 Linux/4.9.217-0.3.ac.206.84.332.metal1.x86_64 OpenJDK_64-Bit_Server_VM/25.275-b01 java/1.8.0_275 vendor/Oracle_Corporation]",,[],E0072A183EAD92B0,e6dfe227-26ef-4bc4-9bd3-83d144a67706,true,AwsApiCall,745926752740,Management
CloudTrail,ASIA23LFS7HSKDJKN2EZ,2020-12-05T00:49:19Z,lambda.amazonaws.com,ListFunctions20150331,us-east-1,42.106.108.10,console.amazonaws.com,,[],5053ab6d-37d0-4a40-bf5d-967ab73ffa86,f357be35-249e-437b-bbd5-27bfc5e9b467,true,AwsApiCall,745926752740,Management
CloudTrail,ASIA23LFS7HSKDJKN2EZ,2020-12-05T00:48:43Z,kms.amazonaws.com,ListKeys,us-east-1,42.106.108.10,console.amazonaws.com,,[],ddfb6192-76ff-42a3-b54f-92e6f27a560d,943a1b08-9ba0-4457-81f1-151db37222b2,true,AwsApiCall,745926752740,Management
CloudTrail,ASIA23LFS7HSKDJKN2EZ,2020-12-05T00:48:43Z,kms.amazonaws.com,ListAliases,us-east-1,42.106.108.10,console.amazonaws.com,,[],9aa4da88-92c7-4706-81ce-f85371b0a42f,9ce5917c-a499-4719-ad12-a27c597146f7,true,AwsApiCall,745926752740,Management
CloudTrail,ASIA23LFS7HSKDJKN2EZ,2020-12-05T00:48:22Z,cloudtrail.amazonaws.com,DescribeTrails,us-east-1,42.106.108.10,console.amazonaws.com,,[],47548c2e-d26d-4fb6-9f13-f993088f0c38,29ff1621-70c2-4b71-8cfe-58fce2cf824a,true,AwsApiCall,745926752740,Management
CloudTrail,ASIA23LFS7HSKDJKN2EZ,2020-12-05T00:48:14Z,cloudtrail.amazonaws.com,LookupEvents,us-east-1,42.106.108.10,console.amazonaws.com,,[],e27516e6-49f4-4356-ab9a-035981de5c6b,982ed2c5-ba39-46f6-a66f-09f91be9faad,true,AwsApiCall,745926752740,Management
CloudTrail,ASIA23LFS7HSKDJKN2EZ,2020-12-05T00:48:14Z,cloudtrail.amazonaws.com,LookupEvents,us-east-1,42.106.108.10,console.amazonaws.com,,[],5584cca7-1fae-45c8-81af-25df8d8282f3,9c7b66aa-6dfa-4292-8b91-8025739f24f4,true,AwsApiCall,745926752740,Management
CloudTrail,ASIA23LFS7HSKDJKN2EZ,2020-12-05T00:48:14Z,cloudtrail.amazonaws.com,DescribeTrails,us-east-1,42.106.108.10,console.amazonaws.com,,[],dc7784d9-aab7-45b6-84da-5e80c3b4eef0,a544ac45-5ea8-4739-8de0-241262e4f4c8,true,AwsApiCall,745926752740,Management
CloudTrail,ASIA23LFS7HSNAI6QBON,2020-12-05T00:47:52Z,health.amazonaws.com,DescribeEventAggregates,us-east-1,42.106.108.10,console.amazonaws.com,AccessDenied,[],276d94d7-adcb-48aa-9892-b4437b238ff9,5c79f888-79f5-40a7-aecb-e180478dfd0a,true,AwsApiCall,745926752740,Management
CloudTrail,ASIA23LFS7HSNAI6QBON,2020-12-05T00:47:52Z,health.amazonaws.com,DescribeEventAggregates,us-east-1,42.106.108.10,console.amazonaws.com,AccessDenied,[],276d94d7-adcb-48aa-9892-b4437b238ff9,5c79f888-79f5-40a7-aecb-e180478dfd0a,true,AwsApiCall,745926752740,Management
CloudTrail,ASIA23LFS7HSKDJKN2EZ,2020-12-05T00:47:48Z,organizations.amazonaws.com,DescribeOrganization,us-east-1,42.106.108.10,console.amazonaws.com,AccessDenied,[],91c0f1db-1a99-43a7-ba79-a8ec97aaefc0,0be0d8aa-6e01-44e8-ae75-e72234e3d708,true,AwsApiCall,745926752740,Management
CloudTrail,ASIA23LFS7HSKDJKN2EZ,2020-12-05T00:47:48Z,organizations.amazonaws.com,DescribeOrganization,us-east-1,42.106.108.10,console.amazonaws.com,AccessDenied,[],91c0f1db-1a99-43a7-ba79-a8ec97aaefc0,0be0d8aa-6e01-44e8-ae75-e72234e3d708,true,AwsApiCall,745926752740,Management
CloudTrail,ASIA23LFS7HSKDJKN2EZ,2020-12-05T00:47:43Z,s3.amazonaws.com,ListBuckets,us-east-1,42.106.108.10,"[AWSCloudTrail, aws-internal/3 aws-sdk-java/1.11.893 Linux/4.9.217-0.3.ac.206.84.332.metal1.x86_64 OpenJDK_64-Bit_Server_VM/25.275-b01 java/1.8.0_275 vendor/Oracle_Corporation]",,[],F3F4CA5FB9D73491,3a8adb6c-5a7d-46af-8751-a22ac16aa497,true,AwsApiCall,745926752740,Management
CloudTrail,ASIA23LFS7HSKDJKN2EZ,2020-12-05T00:47:43Z,s3.amazonaws.com,ListBuckets,us-east-1,42.106.108.10,"[AWSCloudTrail, aws-internal/3 aws-sdk-java/1.11.893 Linux/4.9.217-0.3.ac.206.84.332.metal1.x86_64 OpenJDK_64-Bit_Server_VM/25.275-b01 java/1.8.0_275 vendor/Oracle_Corporation]",,[],F3F4CA5FB9D73491,3a8adb6c-5a7d-46af-8751-a22ac16aa497,true,AwsApiCall,745926752740,Management
CloudTrail,ASIA23LFS7HSKDJKN2EZ,2020-12-05T00:47:43Z,cloudtrail.amazonaws.com,DescribeTrails,us-east-1,42.106.108.10,console.amazonaws.com,,[],4c90b3cb-7c60-4748-9125-fe106e56159d,acad840a-7148-463f-b2ec-a6d98b91dd06,true,AwsApiCall,745926752740,Management
CloudTrail,ASIA23LFS7HSNAI6QBON,2020-12-05T00:46:39Z,health.amazonaws.com,DescribeEventAggregates,us-east-1,42.106.108.10,console.amazonaws.com,AccessDenied,[],e807ace0-b996-434e-9816-e03354efbfcf,125f6e5f-8a46-4420-8ad7-9a3fe81b34ba,true,AwsApiCall,745926752740,Management
CloudTrail,ASIA23LFS7HSKDJKN2EZ,2020-12-05T00:46:19Z,cloudtrail.amazonaws.com,DescribeTrails,us-east-1,42.106.108.10,console.amazonaws.com,,[],3a37f0fb-d14b-4b97-bde9-b478298e8ecb,2381da52-ad3a-4253-8a40-f90a8a789354,true,AwsApiCall,745926752740,Management
CloudTrail,ASIA23LFS7HSKDJKN2EZ,2020-12-05T00:46:19Z,cloudtrail.amazonaws.com,LookupEvents,us-east-1,42.106.108.10,console.amazonaws.com,,[],6504aac5-7af7-4988-811a-a33edf1c69af,c6874f3f-f863-4177-a11e-4bedae5dbc7d,true,AwsApiCall,745926752740,Management
CloudTrail,ASIA23LFS7HSKDJKN2EZ,2020-12-05T00:46:18Z,cloudtrail.amazonaws.com,LookupEvents,us-east-1,42.106.108.10,console.amazonaws.com,,[],1032277a-9627-4001-9632-81241a2cd235,c7cc7ca1-92db-4702-9b32-d8b772540d48,true,AwsApiCall,745926752740,Management
CloudTrail,ASIA23LFS7HSKDJKN2EZ,2020-12-05T00:44:36Z,s3.amazonaws.com,CreateBucket,us-east-1,42.106.108.10,"[AWSCloudTrail, aws-internal/3 aws-sdk-java/1.11.893 Linux/4.9.217-0.3.ac.206.84.332.metal1.x86_64 OpenJDK_64-Bit_Server_VM/25.275-b01 java/1.8.0_275 vendor/Oracle_Corporation]",,"[{""resourceType"":""AWS::S3::Bucket"",""resourceName"":""aws-cloudtrail-logs-745926752740-5e21088e""}]",E542B775A0F25524,34ef8654-85cc-431d-af22-a7a674042e59,false,AwsApiCall,745926752740,Management
CloudTrail,ASIA23LFS7HSKDJKN2EZ,2020-12-05T00:44:36Z,s3.amazonaws.com,GetBucketLocation,us-east-1,42.106.108.10,"[AWSCloudTrail, aws-internal/3 aws-sdk-java/1.11.893 Linux/4.9.217-0.3.ac.206.84.332.metal1.x86_64 OpenJDK_64-Bit_Server_VM/25.275-b01 java/1.8.0_275 vendor/Oracle_Corporation]",,[],EC37E96C75CBE0E7,81e87268-2cdd-46bc-a236-0a6d312ec18f,true,AwsApiCall,745926752740,Management
CloudTrail,ASIA23LFS7HSKDJKN2EZ,2020-12-05T00:44:36Z,s3.amazonaws.com,PutBucketPublicAccessBlock,us-east-1,42.106.108.10,"[AWSCloudTrail, aws-internal/3 aws-sdk-java/1.11.893 Linux/4.9.217-0.3.ac.206.84.332.metal1.x86_64 OpenJDK_64-Bit_Server_VM/25.275-b01 java/1.8.0_275 vendor/Oracle_Corporation]",AccessDenied,"[{""resourceType"":""AWS::S3::Bucket"",""resourceName"":""aws-cloudtrail-logs-745926752740-5e21088e""}]",FA65FFDD75EB2F8B,d1d8ae77-57e0-4d24-8cdd-a45b1b710a99,false,AwsApiCall,745926752740,Management
CloudTrail,ASIA23LFS7HSKDJKN2EZ,2020-12-05T00:44:36Z,s3.amazonaws.com,PutBucketPolicy,us-east-1,42.106.108.10,"[AWSCloudTrail, aws-internal/3 aws-sdk-java/1.11.893 Linux/4.9.217-0.3.ac.206.84.332.metal1.x86_64 OpenJDK_64-Bit_Server_VM/25.275-b01 java/1.8.0_275 vendor/Oracle_Corporation]",,"[{""resourceType"":""AWS::S3::Bucket"",""resourceName"":""aws-cloudtrail-logs-745926752740-5e21088e""}]",2767EC37A829348F,f55e0fa8-1adb-48db-9c41-affca5cc7bcf,false,AwsApiCall,745926752740,Management
CloudTrail,ASIA23LFS7HSKDJKN2EZ,2020-12-05T00:43:20Z,s3.amazonaws.com,PutBucketPublicAccessBlock,us-east-1,42.106.108.10,"[AWSCloudTrail, aws-internal/3 aws-sdk-java/1.11.893 Linux/4.9.217-0.3.ac.206.84.332.metal1.x86_64 OpenJDK_64-Bit_Server_VM/25.275-b01 java/1.8.0_275 vendor/Oracle_Corporation]",AccessDenied,"[{""resourceType"":""AWS::S3::Bucket"",""resourceName"":""aws-cloudtrail-logs-745926752740-5e21088e""}]",45B1B3E03C164CB0,134da0d4-e210-4cca-bc9d-4da5661d1160,false,AwsApiCall,745926752740,Management
CloudTrail,ASIA23LFS7HSKDJKN2EZ,2020-12-05T00:43:20Z,s3.amazonaws.com,GetBucketLocation,us-east-1,42.106.108.10,"[AWSCloudTrail, aws-internal/3 aws-sdk-java/1.11.893 Linux/4.9.217-0.3.ac.206.84.332.metal1.x86_64 OpenJDK_64-Bit_Server_VM/25.275-b01 java/1.8.0_275 vendor/Oracle_Corporation]",,[],EF0E2BCF40FB2C12,5ecc6d8a-040c-49f5-99d2-e56104e5de4d,true,AwsApiCall,745926752740,Management
CloudTrail,ASIA23LFS7HSKDJKN2EZ,2020-12-05T00:43:20Z,s3.amazonaws.com,PutBucketPolicy,us-east-1,42.106.108.10,"[AWSCloudTrail, aws-internal/3 aws-sdk-java/1.11.893 Linux/4.9.217-0.3.ac.206.84.332.metal1.x86_64 OpenJDK_64-Bit_Server_VM/25.275-b01 java/1.8.0_275 vendor/Oracle_Corporation]",,"[{""resourceType"":""AWS::S3::Bucket"",""resourceName"":""aws-cloudtrail-logs-745926752740-5e21088e""}]",8Z0R4G8R7GEGCHFP,8407d348-0395-4fb1-9533-7c71916cd5e5,false,AwsApiCall,745926752740,Management
CloudTrail,ASIA23LFS7HSKDJKN2EZ,2020-12-05T00:43:20Z,s3.amazonaws.com,CreateBucket,us-east-1,42.106.108.10,"[AWSCloudTrail, aws-internal/3 aws-sdk-java/1.11.893 Linux/4.9.217-0.3.ac.206.84.332.metal1.x86_64 OpenJDK_64-Bit_Server_VM/25.275-b01 java/1.8.0_275 vendor/Oracle_Corporation]",,"[{""resourceType"":""AWS::S3::Bucket"",""resourceName"":""aws-cloudtrail-logs-745926752740-5e21088e""}]",184B507EB3E2E0B5,ce539e3b-6d4c-44e3-b1a6-bb920346063f,false,AwsApiCall,745926752740,Management
CloudTrail,ASIA23LFS7HSKDJKN2EZ,2020-12-05T00:43:05Z,s3.amazonaws.com,PutBucketPublicAccessBlock,us-east-1,42.106.108.10,"[AWSCloudTrail, aws-internal/3 aws-sdk-java/1.11.893 Linux/4.9.217-0.3.ac.206.84.332.metal1.x86_64 OpenJDK_64-Bit_Server_VM/25.275-b01 java/1.8.0_275 vendor/Oracle_Corporation]",AccessDenied,"[{""resourceType"":""AWS::S3::Bucket"",""resourceName"":""aws-cloudtrail-logs-745926752740-5e21088e""}]",1B141106C7F78CCA,03dfda4c-064b-4dd5-8a4a-5462bc45a432,false,AwsApiCall,745926752740,Management
CloudTrail,ASIA23LFS7HSKDJKN2EZ,2020-12-05T00:43:05Z,s3.amazonaws.com,GetBucketLocation,us-east-1,42.106.108.10,"[AWSCloudTrail, aws-internal/3 aws-sdk-java/1.11.893 Linux/4.9.217-0.3.ac.206.84.332.metal1.x86_64 OpenJDK_64-Bit_Server_VM/25.275-b01 java/1.8.0_275 vendor/Oracle_Corporation]",,[],4C68370A05AB089F,09b1f0e3-778d-4c9a-abf9-d2fdd7b6582a,true,AwsApiCall,745926752740,Management
CloudTrail,ASIA23LFS7HSKDJKN2EZ,2020-12-05T00:43:05Z,s3.amazonaws.com,PutBucketPolicy,us-east-1,42.106.108.10,"[AWSCloudTrail, aws-internal/3 aws-sdk-java/1.11.893 Linux/4.9.217-0.3.ac.206.84.332.metal1.x86_64 OpenJDK_64-Bit_Server_VM/25.275-b01 java/1.8.0_275 vendor/Oracle_Corporation]",,"[{""resourceType"":""AWS::S3::Bucket"",""resourceName"":""aws-cloudtrail-logs-745926752740-5e21088e""}]",7F8EFD9A55AB84DF,2bbd18b6-80b1-42f4-8939-2921cf3d55a9,false,AwsApiCall,745926752740,Management
CloudTrail,ASIA23LFS7HSKDJKN2EZ,2020-12-05T00:43:05Z,s3.amazonaws.com,CreateBucket,us-east-1,42.106.108.10,"[AWSCloudTrail, aws-internal/3 aws-sdk-java/1.11.893 Linux/4.9.217-0.3.ac.206.84.332.metal1.x86_64 OpenJDK_64-Bit_Server_VM/25.275-b01 java/1.8.0_275 vendor/Oracle_Corporation]",,"[{""resourceType"":""AWS::S3::Bucket"",""resourceName"":""aws-cloudtrail-logs-745926752740-5e21088e""}]",2DF9330311FD597D,b953f389-0860-48a7-8a0c-7fc54cefbed3,false,AwsApiCall,745926752740,Management
CloudTrail,ASIA23LFS7HSKDJKN2EZ,2020-12-05T00:42:47Z,s3.amazonaws.com,GetBucketLocation,us-east-1,42.106.108.10,"[AWSCloudTrail, aws-internal/3 aws-sdk-java/1.11.893 Linux/4.9.217-0.3.ac.206.84.332.metal1.x86_64 OpenJDK_64-Bit_Server_VM/25.275-b01 java/1.8.0_275 vendor/Oracle_Corporation]",,[],0917BB7B09C9C74C,2861fa4f-70cb-4a35-b0e5-441de3c74296,true,AwsApiCall,745926752740,Management
CloudTrail,ASIA23LFS7HSKDJKN2EZ,2020-12-05T00:42:47Z,s3.amazonaws.com,CreateBucket,us-east-1,42.106.108.10,"[AWSCloudTrail, aws-internal/3 aws-sdk-java/1.11.893 Linux/4.9.217-0.3.ac.206.84.332.metal1.x86_64 OpenJDK_64-Bit_Server_VM/25.275-b01 java/1.8.0_275 vendor/Oracle_Corporation]",,"[{""resourceType"":""AWS::S3::Bucket"",""resourceName"":""aws-cloudtrail-logs-745926752740-5e21088e""}]",A6B7D74AA2DCA954,9307b957-e909-4af1-a5e6-6ba52ec8b9c4,false,AwsApiCall,745926752740,Management
CloudTrail,ASIA23LFS7HSKDJKN2EZ,2020-12-05T00:42:47Z,s3.amazonaws.com,PutBucketPublicAccessBlock,us-east-1,42.106.108.10,"[AWSCloudTrail, aws-internal/3 aws-sdk-java/1.11.893 Linux/4.9.217-0.3.ac.206.84.332.metal1.x86_64 OpenJDK_64-Bit_Server_VM/25.275-b01 java/1.8.0_275 vendor/Oracle_Corporation]",AccessDenied,"[{""resourceType"":""AWS::S3::Bucket"",""resourceName"":""aws-cloudtrail-logs-745926752740-5e21088e""}]",6EE651D01F97476A,e6752451-193d-4a17-942c-67354499e13e,false,AwsApiCall,745926752740,Management
CloudTrail,ASIA23LFS7HSKDJKN2EZ,2020-12-05T00:42:47Z,s3.amazonaws.com,PutBucketPolicy,us-east-1,42.106.108.10,"[AWSCloudTrail, aws-internal/3 aws-sdk-java/1.11.893 Linux/4.9.217-0.3.ac.206.84.332.metal1.x86_64 OpenJDK_64-Bit_Server_VM/25.275-b01 java/1.8.0_275 vendor/Oracle_Corporation]",,"[{""resourceType"":""AWS::S3::Bucket"",""resourceName"":""aws-cloudtrail-logs-745926752740-5e21088e""}]",ABDD39E2756F1CF3,e9faf879-6686-4e1a-aa9a-286aa7dbb165,false,AwsApiCall,745926752740,Management
CloudTrail,ASIA23LFS7HSKDJKN2EZ,2020-12-05T00:40:19Z,lambda.amazonaws.com,ListFunctions20150331,us-east-1,42.106.108.10,console.amazonaws.com,,[],a413cfd1-616b-4aa4-9499-a2e92ae5b1e4,2451e27d-e8d9-45f2-bd3b-bf827d58690d,true,AwsApiCall,745926752740,Management
CloudTrail,ASIA23LFS7HSKDJKN2EZ,2020-12-05T00:32:48Z,cloudtrail.amazonaws.com,DescribeTrails,us-east-1,42.106.108.10,console.amazonaws.com,,[],3dcb6a16-c587-4a0b-924e-d7487f5e8d0f,94e9666e-c09b-4d7a-bcaf-3100943dcc17,true,AwsApiCall,745926752740,Management
CloudTrail,ASIA23LFS7HSKDJKN2EZ,2020-12-05T00:32:33Z,cloudtrail.amazonaws.com,LookupEvents,us-east-1,42.106.108.10,console.amazonaws.com,,[],19c7a681-94ab-40e9-a033-8d965d988af1,48228594-7d7f-40bc-b14e-bd76834ec555,true,AwsApiCall,745926752740,Management
CloudTrail,ASIA23LFS7HSKDJKN2EZ,2020-12-05T00:32:33Z,cloudtrail.amazonaws.com,DescribeTrails,us-east-1,42.106.108.10,console.amazonaws.com,,[],648aceb1-64f1-4784-8c40-257fd86bb7d2,4c51e65c-3edd-4802-a9a8-b649f40557fa,true,AwsApiCall,745926752740,Management
CloudTrail,ASIA23LFS7HSKDJKN2EZ,2020-12-05T00:32:33Z,cloudtrail.amazonaws.com,LookupEvents,us-east-1,42.106.108.10,console.amazonaws.com,,[],eb602b78-28fe-4786-a954-8b8da06b6936,86b1922a-2f78-4e02-894b-876b7bf3dadb,true,AwsApiCall,745926752740,Management
CloudTrail,ASIA23LFS7HSNAI6QBON,2020-12-05T00:30:22Z,health.amazonaws.com,DescribeEventAggregates,us-east-1,42.106.108.10,console.amazonaws.com,AccessDenied,[],19c09524-252d-4b1c-875b-000fdb0a0b07,2f27430d-8f40-43ef-bb18-0a677e4b0e26,true,AwsApiCall,745926752740,Management
CloudTrail,ASIA23LFS7HSKDJKN2EZ,2020-12-05T00:30:18Z,organizations.amazonaws.com,DescribeOrganization,us-east-1,42.106.108.10,console.amazonaws.com,AccessDenied,[],119fddfb-98be-4581-af6f-343e9d71c4ba,b57ae365-f098-4110-8034-1c1f27780459,true,AwsApiCall,745926752740,Management
CloudTrail,ASIA23LFS7HSKDJKN2EZ,2020-12-05T00:30:11Z,s3.amazonaws.com,ListBuckets,us-east-1,42.106.108.10,"[AWSCloudTrail, aws-internal/3 aws-sdk-java/1.11.893 Linux/4.9.217-0.3.ac.206.84.332.metal1.x86_64 OpenJDK_64-Bit_Server_VM/25.275-b01 java/1.8.0_275 vendor/Oracle_Corporation]",,[],97FF9FB27E4306A2,68848957-4344-4137-b1b5-fb0e40185da9,true,AwsApiCall,745926752740,Management
CloudTrail,ASIA23LFS7HSKDJKN2EZ,2020-12-05T00:30:11Z,cloudtrail.amazonaws.com,DescribeTrails,us-east-1,42.106.108.10,console.amazonaws.com,,[],072778f4-4ce7-4443-b493-f0ed3e4eea9c,b079f3fa-c9be-4122-9078-ec8f59ee6e26,true,AwsApiCall,745926752740,Management
CloudTrail,ASIA23LFS7HSNAI6QBON,2020-12-05T00:29:33Z,health.amazonaws.com,DescribeEventAggregates,us-east-1,42.106.108.10,console.amazonaws.com,AccessDenied,[],c2c74c56-9257-4485-90f1-1c550600f241,bfb4c214-b86b-4b36-b910-e027a179ee8d,true,AwsApiCall,745926752740,Management
CloudTrail,ASIA23LFS7HSMX6CTSBA,2020-12-05T00:29:20Z,iam.amazonaws.com,ChangePassword,us-east-1,AWS Internal,AWS Internal,,[],a40cc4ef-38df-47dd-b3f5-d6df8b9ff2b0,5515937a-4f20-4661-b24c-6362f0f7e4c2,false,AwsApiCall,745926752740,Management
CloudTrail,,2020-12-05T00:27:11Z,signin.amazonaws.com,ConsoleLogin,us-east-1,42.106.108.10,"Mozilla/5.0 (Macintosh; Intel Mac OS X 10_15_7) AppleWebKit/537.36 (KHTML, like Gecko) Chrome/87.0.4280.67 Safari/537.36",,[],,08260ab1-24a1-499b-8ac2-10f217a9a13d,false,AwsConsoleSignIn,745926752740,Management